quote_date,expiry_date,underlying_price,strike,option_type,market_price,risk_free_rate,dividend_yield
2026-06-30,2026-09-30,100.0,80,call,21.35,0.05,0.0
2026-06-30,2026-09-30,100.0,90,call,12.85,0.05,0.0
2026-06-30,2026-09-30,100.0,100,call,5.42,0.05,0.0
2026-06-30,2026-09-30,100.0,110,call,1.58,0.05,0.0
2026-06-30,2026-09-30,100.0,120,call,0.42,0.05,0.0
2026-06-30,2026-12-31,100.0,80,call,23.10,0.05,0.0
2026-06-30,2026-12-31,100.0,90,call,15.05,0.05,0.0
2026-06-30,2026-12-31,100.0,100,call,8.20,0.05,0.0
2026-06-30,2026-12-31,100.0,110,call,3.75,0.05,0.0
2026-06-30,2026-12-31,100.0,120,call,1.45,0.05,0.0
2026-06-30,2027-06-30,100.0,80,call,26.40,0.05,0.0
2026-06-30,2027-06-30,100.0,90,call,19.30,0.05,0.0
2026-06-30,2027-06-30,100.0,100,call,12.90,0.05,0.0
2026-06-30,2027-06-30,100.0,110,call,8.05,0.05,0.0
2026-06-30,2027-06-30,100.0,120,call,4.60,0.05,0.0
2026-06-30,2026-09-30,100.0,80,put,0.36,0.05,0.0
2026-06-30,2026-09-30,100.0,90,put,1.72,0.05,0.0
2026-06-30,2026-09-30,100.0,100,put,4.18,0.05,0.0
2026-06-30,2026-09-30,100.0,110,put,10.20,0.05,0.0
2026-06-30,2026-09-30,100.0,120,put,18.90,0.05,0.0
